,SNname,lcvquality,image subtraction needed,Type,PAIRITEL,P13 UV data,RA,DEC,radeg,decdeg,hostgal,separation ,inclination from leida,,,v_z,z,z_ref,distanced11,distance Mpc,MaxVdate,MaxVJD,"CfA photometric quality (1best, 3 worst)",CfA VJD bootstrap,CfA VJD bootstrap error,dVJD CfA bootstrap,CfA BJD bootstrap,CfA BJD error,CfA RJD bootstrap,CfA RJD error,CfA IJD bootstrap,CfA IJD error,MaxVMag,max_ref,D11Vmaxdate,D11Vmaxdateerr,D11Vmax,D11Vmaxerr,D11Rmaxdate,D11Rmaxdateerr,D11Rmax,D11Rmaxerr,cfaVmax,cfaVmaxerr,cfaUmax,cfaUmaxerr,cfaBmax,cfaBmaxerr,cfaRmax,cfaRmaxerr,cfaImax,cfaImaxerr,cfaJmax,cfaJmaxerr,cfaHmax,cfaHmaxerr,cfaKmax,cfaKmaxerr,CfA dm15,CfA dm15 linear,earliestV,inclination,inclination error,inclination/E(B-V) ref,axis ratio sdss,axis ratio,inclination from axes sdss,inclination from axes,E(B-V),E(B-V) SF2011,DFS E(B-V),E(b-v)host,E(b-v)hosterr,my E(B-V)host,v1 Fe II 5018 date,v1 Fe II 5018 ,v1 Fe II 5018 error,v2 FeII 5018 date,v2 Fe II 5018,v2 Fe II 5018 error,v1 Fe II 5169 date,v1 Fe II 5169 ,v1 Fe II 5169 error,v2 Fe II 5169 date,v2 Fe II 5169,v2 Fe II 5169 error,Fe II 5169 new,Fe II 5169 at maximum (linear interpolation),Fe II 5018 at maximum (linear interpolation),Dm15 (with Lyman BC correction),comment
KEPLER,###############,###############,###############,###############,###############,###############,###############,###############,###############,###############,###############,###############,###############,###############,###############,###############,###############,###############,###############,###############,###############,###############,###############,###############,###############,###############,###############,###############,###############,###############,###############,###############,###############,###############,,,,,,,,,###############,###############,###############,###############,###############,###############,###############,###############,###############,###############,###############,###############,###############,###############,###############,###############,###############,###############,--,###############,###############,###############,###############,###############,###############,###############,###############,###############,###############,###############,###############,###############,###############,###############,################,###############,###############,################,###############,###############,################,################,################,################,,################,################,,###############
ADDITIONAL,###############,###############,###############,###############,###############,###############,###############,###############,###############,###############,###############,###############,###############,###############,###############,###############,###############,###############,###############,###############,###############,###############,###############,###############,###############,###############,###############,###############,###############,###############,###############,###############,###############,###############,,,,,,,,,###############,###############,###############,###############,###############,###############,###############,###############,###############,###############,###############,###############,###############,###############,###############,###############,###############,###############,,###############,###############,###############,###############,###############,###############,###############,###############,###############,###############,###############,###############,###############,###############,###############,################,###############,###############,################,###############,###############,################,###############,################,################,,################,################,,###############
*nospec,###############,,###############,###############,###############,###############,###############,###############,###############,###############,###############,###############,###############,###############,###############,###############,###############,###############,###############,###############,###############,###############,###############,###############,###############,###############,###############,###############,###############,###############,###############,###############,###############,###############,,,,,,,,,###############,###############,###############,###############,###############,###############,###############,###############,###############,###############,###############,###############,###############,###############,###############,###############,###############,###############,--,###############,###############,###############,###############,###############,###############,###############,###############,###############,###############,###############,###############,###############,###############,###############,################,###############,###############,################,###############,###############,################,###############,###############,################,,################,################,,###############
,sn1993J,0,?,IIb,0,0,9:55:25,+69:01:13.0,148.854166667,69.0202777778,M81,-,--,16.52,8.425,-140,-0.00047,M00,--,2.6,19930417.5,2449095,-99,<0000000,--,#VALUE!,<0000000,<0000000,<0000000,<0000000,<0000000,<0000000,10.8,R94,,,,,,,,,-,-,-,-,-,-,-,-,-,-,-,-,-,-,-,-,-,-,--,--,--,--,--,0.50998789346247,--,64.39417189777,--,0.069,0.0803,--,--,0.292746852456485,10.5,-6068.4,103.6,11.5,-6007.4,102,-2.5,-7787.3,324.3,-3.5,-7854.3,340.7,,-7444.51,-,,"date of exp1993/03/27.5 (JD2,449,074) : ONLY VERY VERY LATE time spec"
,sn1994I,0,?,Ic,0,0,13:29:54,+47:11:31.7,202.475,47.1921388889,M51,-,--,8.217,5.587,461,0.0015377,M99,7.1,6.63696546547,19940409,2449451.4,-99,<0000000,--,#VALUE!,<0000000,<0000000,<0000000,<0000000,<0000000,<0000000,12.91,R96,49450.94,0.03,12.91,0.02,49451.42,0.04,12.65,0.02,-,-,-,-,-,-,-,-,-,-,-,-,-,-,-,-,-,-,--,53,"(+1,-1)",D11/D11,--,0.679931848606547,--,51.4530521263115,0.035,0.0302,0.0351,0.42,--,0.233914321985074,2.1,-14036.2,1772.6,3.1,-13717.6,2503.2,-0.9,-12853.14,2060.7,1.1,-10512.48,1729.6,,-11753,-,,"estimated JDexp 27 March 1994 (=2449438.5 from Iwamoto,Sauer) /NGC5194"
,sn1995bb,0,?,Ib/c,0,0,0:16:17,+12:24:53.4,4.07083333333,12.4148333333,Anon.,-,--,--,--,1610,0.00537,M01,--,23.1392109274,<00000000,<00000000,-99,<0000000,--,#VALUE!,<0000000,<0000000,<0000000,<0000000,<0000000,<0000000,99.9,NA,,,,,,,,,-,-,-,-,-,-,-,-,-,-,-,-,-,-,-,-,-,-,--,--,--,--,--,--,--,--,--,0.0948,0.0361,--,--,--,-,-,-,-,-,-,-,-,-,-,-,-,,-,-,,(Peter G IAUC 1740)
,sn1995F,0,?,Ib,0,0,9:04:57,+59:55:58.7,136.2375,59.9329722222,NGC2726,-,90,1.603,0.577,1440,0.0048,M01,--,20.6785901248,<00000000,<00000000,-99,<0000000,--,#VALUE!,<0000000,<0000000,<0000000,<0000000,<0000000,<0000000,99.9,NA,,,,,,,,,-,-,-,-,-,-,-,-,-,-,-,-,-,-,-,-,-,-,--,--,--,--,--,0.359950093574548,--,75.2172647808867,--,0.0311,0.1102,--,--,0.341950472628924,-,-,-,-,-,-,-,-,-,-,-,-,,-,-,,;
,sn1996cb,0,?,IIb,0,0,11:03:41,+28:54:13.7,165.920833333,28.9038055556,NGC3510,-,78.1,2.3,0.46,800,0.00269,M01,--,11.5886617699,19970105.9,2450454.4,-99,<0000000,--,#VALUE!,<0000000,<0000000,<0000000,<0000000,<0000000,<0000000,13.9,Q99,,,,,,,,,-,-,-,-,-,-,-,-,-,-,-,-,-,-,-,-,-,-,--,--,--,--,--,0.2,--,93.0026544081112,--,0.0262,0.0304,--,--,0.422805877390523,-0.9,-8714.5,8,3.1,-7396.8,1812.6,-0.9,-8375.2,45.1,3.1,-5635.9,1559.5,,-7758.86,-8418.04,,(also BR light curves with max measured)
,sn1997dq,0,?,Ic,0,0,11:40:55,+11:28:45.7,175.229166667,11.4793611111,NGC3810,-,48.2,3.053,2.076,993,0.00331,M01,--,14.2565811451,<19971102,<2450754.5,-99,<0000000,--,#VALUE!,<0000000,<0000000,<0000000,<0000000,<0000000,<0000000,99.9,IAUC,,,,,,,,,-,-,-,-,-,-,-,-,-,-,-,-,-,-,-,-,-,-,--,--,--,--,--,0.679986898132984,--,51.4485513596453,--,0.0382,0.0426,--,--,0.233893860734679,-,-,-,-,-,-,-,-,-,-,-,-,,-,-,,;but mazzali makes comp with 97ef LC 38+exp
,sn1997ef,0,?,Ic-bl,0,0,7:57:02,+49:33:40.2,119.258333333,49.5611666667,UGC4107,-,--,1.75,1.225,3400,0.011341,SN,--,49.0439541829,19971211.5,2450794.1,-99,<0000000,--,#VALUE!,<0000000,<0000000,<0000000,<0000000,<0000000,<0000000,17.1,CfA,,,,,,,,,-,-,-,-,-,-,-,-,-,-,-,-,-,-,-,-,-,-,--,--,--,--,--,0.7,--,49.7930408955037,--,0.0366,0.0276,--,--,0.226367628727912,-,-,-,-,-,-,-,-,-,-,-,-,,-,-,,"; Peter's; data, my fit, JDexp: November 20 1997 =JD 2450772.5)  Mazzali04"
,sn1997X,0,?,Ib,0,0,12:48:14,-3:19:58,192.058333333,-3.33277777778,NGC4691,-,38.8,2.8,2.3,1072,0.00358,T09/M01,--,15.4192119763,<00000000,<00000000,-99,<0000000,--,#VALUE!,<0000000,<0000000,<0000000,<0000000,<0000000,<0000000,99.9,NA,,,,,,,,,-,-,-,-,-,-,-,-,-,-,-,-,-,-,-,-,-,-,--,--,--,--,--,0.821428571428571,--,38.5974331554088,--,0.0237,0.0445,--,--,0.175470492688125,-,-,-,-,-,-,-,-,-,-,-,-,,-,-,,;
,sn1998dt,0,?,Ib,0,0,2:28:35,-10:32:59,37.1458333333,-10.5497222222,NGC945,-,--,2.633,1.264,4580,0.015277,SN,--,66.2479770731,19980912,2451068.5,-99,<0000000,--,#VALUE!,<0000000,<0000000,<0000000,<0000000,<0000000,<0000000,99.9,M01,,,,,,,,,-,-,-,-,-,-,-,-,-,-,-,-,-,-,-,-,-,-,--,--,--,--,--,0.48006076718572,--,66.5520109275852,--,0.0219,0.0255,--,--,0.30255675551866,-,-,-,-,-,-,0,-11503.6,1914.4,1,-10843.1,1892.2,,-,-,,;but max is in Rband!!! -our spectra
,sn1998fa,0,?,IIb,0,0,11:40:55,+11:28:45.7,175.229166667,11.4793611111,NGC945,-,--,2.633,1.264,7460,0.024883,M01,--,108.659198155,19990102,2451180.5,-99,<0000000,--,#VALUE!,<0000000,<0000000,<0000000,<0000000,<0000000,<0000000,99.9,M01,,,,,,,,,-,-,-,-,-,-,-,-,-,-,-,-,-,-,-,-,-,-,--,--,--,--,--,0.48006076718572,--,66.5520109275852,--,0.0382,0.0445,--,--,0.30255675551866,-,-,-,-,-,-,-,-,-,-,-,-,,-,-,,(rband) ;-- no longer in Matheson
,sn2000H,0,?,IIb,0,0,6:51:07,+12:55:18.5,102.779166667,12.9218055556,IC454,-,--,1.593,1.02,3894,0.012989,B02,--,56.2349231195,20000211,2451585.5,-99,<0000000,--,#VALUE!,<0000000,<0000000,<0000000,<0000000,<0000000,<0000000,99.9,B02,,,,,,,,,-,-,-,-,-,-,-,-,-,-,-,-,-,-,-,-,-,-,--,--,--,--,--,0.64030131826742,--,54.6264020596593,--,0.1964,0.2284,--,--,0.248340910251561,3,-10942.9,1976.9,-,-,-,-1,-10924.9,234.4,1,-10414.9,2270.2,,-10669.9,-,,;our spec
,sn2001ai,0,?,Ib,0,0,13:41:39,+55:40:05.1,205.4125,55.6680833333,NGC5278,-,38.9,0.88,0.686,7753,0.025863,SN,--,113.019607963,<00000000,<00000000,-99,<0000000,--,#VALUE!,<0000000,<0000000,<0000000,<0000000,<0000000,<0000000,99.9,NA,,,,,,,,,-,-,-,-,-,-,-,-,-,-,-,-,-,-,-,-,-,-,--,--,--,--,--,0.779545454545455,--,42.7379350575882,--,0.0081,0.0094,--,--,0.194293918220756,-,-,-,-,-,-,-,-,-,-,-,-,,-,-,,;nice host gal MMT spec NED's z 7574+/-70 
*@,sn2001ej,3,?,Ib,0,0,7:23:43,+33:26:38.0,110.929166667,33.4438888889,UGC3829,-,--,0.88,0.774,4135,0.013793,SN,--,59.7495945143,<20011006.4,<2452188.9,3,<2452188.93,--,#VALUE!,<0000000,<0000000,<0000000,<0000000,<0000000,<0000000,<17.2,CfA,,,,,,,,,-,-,-,-,-,-,-,-,-,-,-,-,-,-,-,-,-0.732,-0.428,2452188.938,--,--,--,--,0.879545454545454,--,32.054385418143,--,0.046,0.0535,--,--,0.145724685356399,-,-,-,-,-,-,-,-,-,-,-,-,,-,-,,;NED: 4066.km/s
*@,sn2001gd,3,?,IIb,0,0,13:13:23,+36:38:17.7,198.345833333,36.63825,NGC5033,-,64.6,3.783,1.702,1024,0.00341,SN,--,14.6871289367,<20011223.,<2452267.0,3,<2452267.03,--,#VALUE!,<0000000,<0000000,<0000000,<0000000,<0000000,<0000000,<17.8,CfA,,,,,,,,,-,-,-,-,-,-,-,-,-,-,-,-,-,-,-,-,-,-,2452267.031,--,--,--,0.558,0.449907480835316,60.8834846781446,68.7141587490257,--,0.0098,0.0115,--,--,0.312386247080058,-,-,-,-,-,-,-,-,-,-,-,-,,-,-,,";851+/- 32   from UZC, get upper lim on JD from IAUC?"
*=,sn2002ap,3,?,Ic-bl,0,0,1:36:23,+15:45:13.2,24.0958333333,15.7536666667,M74,-,--,6.777,5.828,659,0.002198,H99,8.2,9.47334946077,20020207.8,2452313.4,3,<2452320.61,--,#VALUE!,<0000000,<0000000,<0000000,<0000000,<0000000,<0000000,12.39,F03,52313.92,0.16,12.36,0.006,52315.24,0.018,12.267,0.003,-,-,-,-,-,-,-,-,-,-,-,-,-,-,-,-,-,-,--,25,"(+3,-3)",D11/D11,--,0.859967537258374,--,34.3917211123023,0.071,0.062,0.0721,0,--,0.156350610769115,5.1,-10666,1805.7,6.1,-10950.6,1976.4,4.1,-10805.55,1847.7,5.1,-10228.12,,-12090.271,,-,,;JDburst = :20020128.9 (2452303.4) from Mazzali02
,sn2002ji,0,?,Ib,0,0,11:22:53,+16:35:10.0,170.720833333,16.5861111111,NGC3655,-,47.1,1.343,0.887,1624,0.0054167,SN,--,23.340904244,<00000000,<00000000,-99,<0000000,--,#VALUE!,<0000000,<0000000,<0000000,<0000000,<0000000,<0000000,99.9,NA,,,,,,,,,-,-,-,-,-,-,-,-,-,-,-,-,-,-,-,-,-,-,--,--,--,--,--,0.660461653015637,--,53.028099660846,--,0.0217,0.0253,--,--,0.241074755835148,-,-,-,-,-,-,-,-,-,-,-,-,,-,-,, ;from UZC: 1490+/-39
*=,sn2003jd,1,?,Ic-bl,0,0,21:03:38,-4:53:45,315.908333333,-4.89583333333,MCG-01-59-21,-,--,0.59,0.484,5635,0.018796,H93,77,81.7150052238,20031031.6,2452944.1,1,2452943.31,0.55,0.790000000037253,52942.5,0.39,<0000000,<0000000,<0000000,<0000000,15.49,V08,52943.5,1,15.94,0.18,52944.2,1,15.82,0.15,15.93,0.02,-,-,-,-,-,-,15.61,0.03,-,-,-,-,-,-,-,-,--,42,"(+8,-14)",D11/D11,0.704,0.820338983050848,49.4573096120792,38.7101472343366,0.044,0.0784,0.044,0.1,--,0.175982910052324,-,-,-,-,-,-,18.4,-10820.6,2191.2,19.4,-11503.6,,-16722.197,,-,, ;CfA spec in valenti08
*@,sn2004ao,2,?,Ib,0,0,17:28:09,+07:24:55.5,262.0375,7.41541666667,UGC10862,24.62,53.4,1.61,0.419,1691,0.005641,NED,--,24.3098373777,<20040307,<2453079.0,2,<2453080.00,--,#VALUE!,<0000000,<0000000,<0000000,<0000000,<0000000,<0000000,<15.7,CfA,,,,,,,,,-,-,-,-,-,-,-,-,-,-,-,-,-,-,-,-,-0.338,-0.443,2453080.504,--,--,--,--,0.260248447204969,--,83.2171737685157,--,0.0893,0.1038,--,--,0.378319418871213,-,-,-,-,-,-,-,-,-,-,-,-,,-,-,,;SNWEB: 2453071.5 and <14.9  ;NED_z and SN_z similar
*=,sn2004aw,1,?,Ic,0,0,11:57:50,+25:15:55.1,179.458333333,25.2653055556,NGC3997,-,63.2,1.183,0.568,4721,0.015748,UZC,73,68.3134773373,20040326.6,2453091.2,1,2453091.45,0.72,-0.25,53085.55,0.32,53096.04,0.02,<0000000,<0000000,17.3,"T06,CfA",53090.6,0.6,17.3,0.03,52094.5,0.6,16.9,0.03,17.23,0.03,-,-,-,-,16.82,0.03,16.45,0.02,17.91,-,-,-,,-,-0.245,-0.362,--,71,"(+2,-2)",D11/D11,0.7,0.480135249366019,49.7930408955037,66.5466594835562,0.021,0.018,0.0209,0.35,--,0.302532426944359,18.3,-11997.3,1125.2,26.3,-11647.7,1005.3,18.3,-7738.9,1930,21.3,-9980.6,,-12780.129,-,-,,Taubenberg  dm15   = 0.55
,sn2004dk,0,?,Ib,0,0,16:21:48,-2:16:17,245.45,-2.27138888889,NGC6118,-,68.7,2.633,1.211,1573,0.005247,NED,23,22.6080533396,20040817.5,2453238,-99,<0000000,--,#VALUE!,<0000000,<0000000,<0000000,<0000000,<0000000,<0000000,14.76,D11,,,,,,,,,-,-,-,-,-,-,-,-,-,-,-,-,-,-,-,-,-,-,--,67,"(+0.7,-0.7)",D11/D11,--,0.459931636916065,--,67.9960613733067,0.157,0.1357,0.1578,0.18,0.11,0.309121654333486,-,-,-,-,-,-,17.5,-6711.11,1614.6,20.5,-5379.9,1140,,-,-,,;0.522 ;Caltech ;mu_virgo=31.98 A_V = 0.522 
,sn2004dn,0,Y,Ic/Ic-bl,0,0,2:35:37,+37:37:54.2,38.9041666667,37.6317222222,UGC2069,-,--,2.5,1.7,3777,0.012599,NED,51,54.5315694884,20040813,2453230.5,-99,<0000000,--,#VALUE!,<0000000,<0000000,<0000000,<0000000,<0000000,<0000000,17.35,D11,,,,,,,,,-,-,-,-,-,-,-,-,-,-,-,-,-,-,-,-,-,-,--,56,"(+3.0,-3.0)",D11/D11,--,0.68,--,51.4474801295787,0.048,0.0415,0.0482,0.52,0.13,0.233888990740687,34,-7508.9,1447.1,53,-6687.9,1972.8,31,-6266.1,1725.7,34,-6429.2,1460.1,-8787.6357,-,-,,;MaxVmag_er =0.1; dm15=0.7 +- 0.15
,sn2004eu,0,?,Ic,0,0,2:20:34,+41:34:18.5,35.1416666667,41.5718055556,MCG+07-5-39,-,--,1.083,0.715,6486,0.021636,SN,--,94.2564007802,<0.0,<0.0,-99,<0000000,--,#VALUE!,<0000000,<0000000,<0000000,<0000000,<0000000,<0000000,<0.0,NA,,,,,,,,,-,-,-,-,-,-,-,-,-,-,-,-,-,-,-,-,-,-,--,--,--,--,--,0.660203139427516,--,53.048795733287,--,0.0466,0.0542,--,--,0.241168843698797,-,-,-,-,-,-,-,-,-,-,-,-,,-,-,,;from NED: z=0.021665
*=,sn2004fe,2,Y,Ic,0,0,0:30:11,+02:05:23.5,7.54583333333,2.08986111111,NGC132,-,--,1.41,0.987,5361,0.017882,NED,72,77.6899508385,20041108.5,2453318,2,2453319.34,0.46,-1.33999999985099,<0000000,<0000000,53321.52,0.68,<0000000,<0000000,16.91,D11,,,,,,,,,17.09,0.02,-,-,-,-,17.01,0.04,17.09,0.03,-,-,-,-,-,-,-1.704,-1000,--,43,"(+4,-5)",D11/D11,0.661,0.7,52.9849831915721,49.7930408955037,0.025,0.021,0.0244,0.29,0.11,0.226367628727912,10.5,-10002,1822,23.5,-10590.6,203.2,0.5,-11174.2,1913.6,1.5,-8937.2,1727.3,-9337.5713,-11279.4,-,,;maxdate also agree with our sparse data 
,sn2004ff,0,?,IIb,0,0,4:58:46,-21:34:12,74.6916666667,-21.57,ESO552-G40,-,--,1.073,0.558,6664,0.022229,NED,92,96.8816877998,2004,2453316,-99,<0000000,--,#VALUE!,<0000000,<0000000,<0000000,<0000000,<0000000,<0000000,17.18,D11,,,,,,,,,-,-,-,-,-,-,-,-,-,-,-,-,-,-,-,-,-,-,--,66,"(+4,-5) ",D11/D11,--,0.520037278657968,--,63.6652059414852,0.032,0.0281,0.0327,0.27,0.15,0.289432849295002,-3.5,-10857.8,1318.8,-,-,-,-3,-10130.6,2251.57,-,-,-,-9659.5439,-,-,,;in R        2453316.0 1.0  Rmag@max:  17.18  +- 0.2
,sn2004ge,0,?,Ic,0,0,6:50:00,+25:38:02.0,102.5,25.6338888889,UGC3555,-,--,1.427,1.255,4644,0.015491,NED,67,67.186262594,2004,2453341.5,-99,<0000000,--,#VALUE!,<0000000,<0000000,<0000000,<0000000,<0000000,<0000000,17.09,D11,,,,,,,,,-,-,-,-,-,-,-,-,-,-,-,-,-,-,-,-,-,-,--,28,"(+12,-28)",D11/D11,--,0.879467414155571,--,32.0640343814987,0.087,0.0754,0.0877,0.88,0.15,0.145768551184138,6,-10780.2,1948.5,-,-,-,6,-8032.2,1871,-,-,-,,-,-,,;RMax 2453341.5 +- 1.0 Rmag@max 17.09  +- 0.2
*@NIR,sn2004gk,2,?,Ic,Y,0,12:25:33,+12:15:39.9,186.3875,12.2610833333,IC3311,-,--,1.633,0.392,-122,-0.000407,NED,17,2.6,<20041128,<2453338.5,2,<2453339.03,--,#VALUE!,<0000000,<0000000,<0000000,<0000000,<0000000,<0000000,<14.0,CfA,,,,,,,,,-,-,-,-,-,-,-,-,-,-,16.39,0.12,-,-,-,-,-0.526,-0.616,2453339.031,90,"(+0,-0)",D11/D11,0.141,0.240048989589712,85,85.2154075817785,0.03,0.0247,0.0287,0.03,>,0.387403729486054,-,-,-,-,-,-,-,-,-,-,-,-,,-,-,,";D11nomax ;hostgal ex.;0.100  from tully fisher: mu=31; from LEDA m_B and mu --> M_B=-17.6 mag (dwarf? classification is edge-on Spiral of Sc class)  --BIG PROBLEM FOR DATE OF MAX: if similar to 94I, then date of Vmax was on ~Nov 17"
*= ,sn2004gq,2,YN,Ib,Y,0,5:12:04,-15:40:54,78.0166666667,-15.6816666667,NGC1832,-,71.8,1.94,1.707,1859,0.0062,SN,26,26.7260551135,20041220.51,2453361,2,<2453353.77,--,#VALUE!,53353.68,1.87,<0000000,<0000000,<0000000,<0000000,15.32,D11,,,,,,,,,-,-,15.67,0.09,16.12,0.02,-,-,15.5,0.04,,-,,-,-,-,-0.563,-0.432,--,50,"(+3,-4)",D11/D11,--,0.879896907216495,--,32.0108958654084,0.073,0.0627,0.0729,0.18,0.11,0.145526974456444,-,-,-,-,-,-,-,-,-,-,-,-,-12835.598,-,-,,;NED: 1939.  0.006468 ;mu_virgo=31.96 
*=NIR DM,sn2004gt,2,Y,Ic,Y,0,12:01:50,-18:52:12,180.458333333,-18.87,NGC4038,-,51.9,5.2,3.1,1642,0.005477,NED**,23,23.6013560755,20041222.5,2453362,2,<2453385.97,--,#VALUE!,53388.52,1.41,<0000000,<0000000,<0000000,<0000000,15.41,S12,,,,,,,,,-,-,-,-,18.07,0.05,-,-,-,-,,-,,-,15.62,0.28,-0.527,-0.382,--,56,"(+2,-2)",D11/D11,--,0.596153846153846,--,58.0289971036955,0.046,0.0398,0.0463,0.046,>,0.263809685762907,-,-,-,-,-,-,16.5,-6132.8,1332.8,18.5,-6162.4,1351.8,,-,-,,;D11nomax; Stritzinger sent me the *spline fit data*
*=,sn2004gv,3,Y,Ib,0,0,2:13:37,-0:43:05,33.4041666667,-0.718055555556,NGC856,-,--,1.063,0.829,5974,0.019927,NED,79,86.7032040016,20041226.7,2453366.2,-99,<0000000,--,#VALUE!,<0000000,<0000000,<0000000,<0000000,<0000000,<0000000,17.25,S12,,,,,,,,,-,-,-,-,-,-,-,-,-,-,,-,,-,-,-,-,-,--,46,"(+6,-7)",D11/D11,--,0.779868297271872,--,42.707369605434,0.033,0.0286,0.0333,0.033,>,0.194154962479136,13.3,-7582.7,1387.1,15.3,-7503.1,1878.9,13.3,-6421.8,1722.2,15.3,-7148.4,1811.2,,-,-,,";D11nomax, http://csp1.lco.cl/~cspuser1/images/OPTICAL_LIGHT_CURVES/SN04gv.html"
,sn2005ar,0,Y,Ib,0,0,11:15:19,-3:46:18,168.829166667,-3.77166666667,CGCG011-033,-,--,0.617,0.321,7629,0.0254487,SN,--,111.175465378,<00000000,<00000000,-99,<0000000,--,#VALUE!,<0000000,<0000000,<0000000,<0000000,<0000000,<0000000,99.9,NA,,,,,,,,,-,-,-,-,-,-,-,-,-,-,,-,,-,-,-,-,-,--,--,--,--,--,0.520259319286872,--,63.6490693423897,--,0.0394,0.0458,--,--,0.289359489572292,-,-,-,-,-,-,-,-,-,-,-,-,,-,-,,;from NED: 7584   0.025298    NED 
*=NIR DM,sn2005az,1,Y,Ic,Y,0,13:05:46,+27:44:08.4,196.441666667,27.7356666667,NGC4961,-,38.7,1.177,0.706,2622,0.00875,SN,39,37.774282659,20050411.7,2453473.2,1,2453473.86,0.75,-0.65999999968335,<0000000,<0000000,53476.1,0.54,<0000000,<0000000,16.4,CfA,,,,,,,,,16.4,0.05,15.99,0.04,-,-,16.06,0.03,15.97,0.04,,-,,-,-,-,-0.212,-0.188,--,47,"(+4,-5)",D11/D11,0.626,0.59983007646559,55.7422395267747,57.7501323426082,0.011,0.0097,0.0113,0.43,0.11,0.262541919151995,-0.7,-7901.9,1900.8,1.3,-8323.33,1612,-0.7,-8323,1780.1,1.3,-8077.8,1548.2,-7159.9473,-8237.18,-8049.42,," ;dm15=0.36 ; D11noVmax, [v=2535. NED]  mu_virgo=32.94  A_V=0.037, **GLC ;fitcfalc,'sn05az.df.k20060129.Ic.i',band='V',/shooter,jdmax=520"
*= ,sn2005bf,1,Y,Ib,Y,0,10:23:57,-3:11:28,155.9875,-3.19111111111,MCG+00-27-00,-,--,2.107,0.59,5430,0.018112,SN,--,78.7023079579,20050415.95,2453476.5,1,2453498.96,0.33,-22.4599999999627,53497.73,0.14,53499.93,0.38,<0000000,<0000000,17.4,"CfA,T05",,,,,,,,,16.43,0.02,16.42,0.02,16.71,0.02,16.36,0.02,16.36,0.02,15.9,0.01,15.81,0.07,15.57,0.03,-0.536,-0.932,--,--,--,--,0.543,0.280018984337921,61.9885365895417,81.4637361438609,--,0.0385,0.0448,--,--,0.370347993345136,14.1,-8284.91,1495.5,16.1,-8523.2,1190.7,14.1,-7802.2,1637.1,16.1,-8032.2,1209.2,-7225.3071,-,-,0.990725295961,; /T05    ;for 2nd Vband max: 2453497.5 (20050507.0     ) 16.5- see also Tominaga et al 2005 but our photometry is more recent & template subtraction
,sn2005da,0,?,Ic-bl,0,0,18:37:46,+17:32:35,279.441666667,17.5430555556,UGC11301,-,90,2.267,0.363,4496,0.014997,NED,--,65.0207655115,<00000000,<000000,,<0000000,--,#VALUE!,<0000000,<0000000,<0000000,<0000000,<0000000,<0000000,<00.0,CfA,,,,,,,,,-,-,-,-,-,-,-,-,-,-,,-,,-,-,-,-,-,--,--,--,--,--,0.160123511248346,--,--,--,0.2483,0.2888,--,--,--,-,-,-,-,-,-,-,-,-,-,-,-,,-,-,,;3 spec but no LC - check KAIT
*@NIR,sn2005ek,4,N,Ic-pec,Y,0,3:05:48,36:46:10,46.45,36.7694,UCG2526,-,--,--,--,4964,0.016551,,--,,<00000000,<000000,,<0000000,,,<0000000,<0000000,<0000000,<0000000,<0000000,<0000000,<00.0,CfA,,,,,,,,,-,-,-,-,-,-,-,-,-,-,,-,,-,-,-,,,2453640.8,--,--,--,--,--,--,--,--,0.1778,0.279,--,--,--,,,,,,,,,,,,,,,,,;Drout et al. 2013: 05ek is potentially a new kind of fast transient whose spectrum looks like a SN Ic
*=,sn2005hg,1,N,Ib,Y,0,1:55:41,+46:47:47.4,28.9208333333,46.7965,UGC1394,-,--,1.633,1.111,6388,0.021308,NED,86,92.8052824401,20051107.7,2453683.8,1,2453684.44,0.27,-0.640000000130385,53681.51,0.17,53686.44,0.49,<0000000,<0000000,17.61,CfA,,,,,,,,,17.61,0.03,-,-,18.14,0.02,17.45,0.04,17.33,0.03,16.54,0.03,16.55,0.06,16.37,0.08,-0.499,-0.8,--,60,"(+3,-4)",D11/D11,--,0.680342927127985,--,51.4194362248724,0.105,0.0901,0.1047,0.58,0.13,0.233761498382428,-0.3,-9202.5,1258.2,-1.3,-9715.3,1454,-0.3,-8560.9,2238.9,-1.3,-8613.1,2344,-8552.1367,-,-,1.36548831139,; dm15=0.71  **GLC d10=2453684.0+-0.5
*@ ,sn2005kf,2,N,Ic,0,0,7:47:26,+26:55:32.4,116.858333333,26.9256666667,J074726.40+265532.4,-,--,--,--,4522,0.015085,SN,--,65.4064053799,<20051125.5,<2453664.5,2,<2453699.85,--,#VALUE!,<0000000,<0000000,<0000000,<0000000,<0000000,<0000000,<18.1,CfA,,,,,,,,,-,-,-,-,-,-,-,-,-,-,,-,,-,-,-,-0.428,-0.408,2453699.852,--,--,,0.8,--,40.7623576153919,--,--,0.0378,0.044,--,--,--,-,-,-,-,-,-,34,-7215.3,1807.6,37,-7467.2,1799.1,,-,-,,; from my notes/IAUC: max at 2453664.5      @16.5 but can't find records.
*=NIR DM,sn2005kl,1,Y,Ic,Y,0,12:24:35,+39:23:03.5,186.145833333,39.3843055556,NGC4369,-,18.9,1.663,1.597,1045,0.003486,NED*,--,15.0143895015,20051129,2453703.5,1,2453703.66,0.56,-0.160000000149012,<0000000,<0000000,53704.24,1.65,<0000000,<0000000,16.8,CfA,,,,,,,,,16.83,0.03,-,-,-,-,16.07,0.01,15.39,0.02,13.78,0.04,13.34,0.12,12.97,0.09,-0.816,-1.234,--,--,--,,0.96,0.96031268791341,19.6055978155369,19.5400505399764,--,0.0219,0.0255,--,--,0.088832391563325,-,-,-,-,-,-,-4,-10264.7,1250.2,-,-,-,-7716.4341,-,-,4.80519292279,"; dm15=0.53-0.89 ,~0.8 -depending on jdmax=720-745;  8A=EW of NaID -> E_BV=2mag IAUC: 14.6mag  2453705.0 **GLC"
*=nospec,sn2005kz,2,?,Ic,0,0,19:00:49,50:53:01,,,MCG+08-34-32,18.26,,,,8107,0.027,NED*,,,<00000000,<2453710.562,,2453712.94,0.36,,53710.58,0.76,<0000000,<0000000,<0000000,<0000000,<18.64,CfA,,,,,,,,,18.61,0.05,-,-,19.85,0.29,-,-,18.34,0.06,,-,,-,-,-,,,2453710.566,,,,,,,,,0.046,,,,,,,,,,,,,,,,,,,,0.76755080705,
*=,sn2005la,2,N,Ib-n/IIb-n,0,0,12:52:15,+27:31:52.5,193.0625,27.53125,KUG1249+278,-,--,0.473,0.237,5570,0.001858,SN,76,8.01248502445,R=20051120.0,2453694.5,2,<2453711.02,--,#VALUE!,<0000000,<0000000,<0000000,<0000000,<0000000,<0000000,17.2,P08a,,,,,,,,,-,-,-,-,-,-,-,-,-,-,,-,,-,-,-,-,-,--,--,--,D11/D11,0.733,0.501057082452431,46.9692123405838,65.0399448427673,0.011,0.01,0.0116,0.011,>,0.295682646045843,-,-,-,-,-,-,-,-,-,-,-,-,,-,-,,;+- 1.5 for max - in Rband
*=NIR DM,sn2005mf,1,Y,Ic,Y,0,9:08:42,+44:48:51.4,137.175,44.8142777778,UGC04798,-,38.2,0.863,0.587,8023,0.018913,NED,113,82.230639969,20051230.5,2453735.5,1,2453734.56,0.14,0.939999999944121,<0000000,<0000000,53736.1,0.47,<0000000,<0000000,18.08,CfA,,,,,,,,,18.07,0.02,-,-,-,-,17.93,0.02,18.16,0.03,17.41,0.03,17.27,0.05,16.93,0.11,-0.642,-0.694,--,30,"(+12,-30)",D11/D11,0.724,0.68018539976825,47.7520800680119,51.4323198473152,0.018,0.0153,0.0178,0.38,0.12,0.233820069520269,7.5,-7940.3,1974.5,-,-,-,-1.5,-11226.8,1833.8,-2.5,-14087.7,1720.1,-8317.5898,-10683.2,-,1.26908663702,dm15=0.83; D11max=736  **GLC
*=,sn2005nb,2,Y,Ic-bl,0,0,12:13:37,+16:07:16.2,183.404166667,16.1211666667,UGC7230,-,--,0.473,0.227,7127,0.023773,NED**,106,103.72786516,<20060111.5,2453747.9,2,<2453746.02,--,#VALUE!,<0000000,<0000000,<0000000,<0000000,<0000000,<0000000,<17.8,CfA,,,,,,,,,-,-,-,-,-,-,-,-,-,-,,-,,-,-,-,-,-,--,55,"(+4,-5)",D11/D11,0.56,0.479915433403806,60.7354828380596,66.562452749756,0.037,0.032,0.0372,0.037,>,0.302604225817358,-,-,-,-,-,-,-,-,-,-,-,-,,-,-,0.880846676516,;D11nomax
,sn2005U,0,?,IIb,0,0,11:28:33,+58:33:42.5,172.1375,58.5618055556,Arp299,-,--,2.691,1.995,3021,0.010076,SN,--,43.5362708275,<00000000,<00000000,-99,<0000000,--,#VALUE!,<0000000,<0000000,<0000000,<0000000,<0000000,<0000000,99.9,NA,,,,,,,,,-,-,-,-,-,-,-,-,-,-,,-,,-,-,-,-,-,--,--,--,--,--,0.741360089186176,--,46.2326496663187,--,0.0143,0.0167,--,--,0.210181484933528,-,-,-,-,-,-,-,-,-,-,-,-,,-,-,,;
*=,sn2006aj,1,N,Ic-bl,Y,Y,3:21:39,+16:52:02.6,50.4125,16.8673888889,J032139.68+165201.7,-,--,--,--,10052,0.033532,SN/M06,--,147.355676478,20060228.2,2453794.7,1,2453794.7,0.59,0,53792.68,0.07,53794.61,1.18,<0000000,<0000000,17.45,M06,,,,,,,,,17.51,0.02,17.99,0.06,18.06,0.03,17.44,0.05,17.45,0.02,16.95,0.12,16.7,0.13,16.39,0.11,-,-,--,--,--,--,--,--,--,--,--,0.1267,0.1473,--,--,--,-,-,-,-,-,-,-,-,-,-,-,-,,-,-,1.97968446631,;JDBurst=2453784.6 ->DONE
*nospec,sn2006ba,2,?,IIb,0,0,9:43:13,-9:36:53,145.804166667,9.61472222222,NGC2980,22.47,--,--,--,5764.71,0.019229,HI,--,--,--,<00000000,--,--,--,--,<0000000,<0000000,<0000000,<0000000,<0000000,<0000000,--,--,,,,,,,,,-,-,-,-,-,-,-,-,17.67,0.05,,-,,-,-,-,--,--,2453827.715,--,--,--,--,--,--,--,--,0.0452,--,--,--,--,--,--,--,--,--,--,--,--,--,--,--,--,,--,--,,
*nospec,sn2006bf,2,?,IIb,0,0,12:58:50,9:39:30,194.708333333,9.65833333333,UGC8093,15.81,--,--,--,7115,0.023,UZC,--,--,--,<00000000,--,--,--,--,<0000000,<0000000,53827.53,0.27,<0000000,<0000000,--,--,,,,,,,,,-,-,-,-,-,-,18.71,0.03,-,-,,-,,-,-,-,--,--,2453827.891,--,--,--,--,--,--,--,--,0.0216,--,--,--,--,--,--,--,--,--,--,--,--,--,--,--,--,,--,--,,
*nospec,sn2006cb,3,?,Ib,0,0,14:16:31,39:35:15,214.129166667,39.5875,NGC5541,5.73,--,--,--,7708,0.02571,UZC,--,--,--,<00000000,--,--,--,--,<0000000,<0000000,<0000000,<0000000,<0000000,<0000000,--,--,,,,,,,,,-,-,-,-,-,-,-,-,18.23,0.04,,-,,-,-,-,--,--,--,--,--,--,--,--,--,--,--,0.0094,--,--,--,--,--,--,--,--,--,--,--,--,--,--,--,--,,--,--,,
*@,sn2006ck,2,N,Ic,0,0,13:09:40,-1:02:57,197.416666667,-1.04916666667,UGC08238,-,59.8,1.237,0.668,7312,0.02439,NED,112,106.467991779,<20060524,<2453879.5,2,<2453879.77,--,#VALUE!,<0000000,<0000000,<0000000,<0000000,<0000000,<0000000,<17.5,CfA,,,,,,,,,-,-,-,-,-,-,-,-,-,-,,-,,-,-,-,-0.573,-0.833,2453879.773,61,"(+5,-7)",D11/D11,0.543,0.540016168148747,61.9885365895417,62.2073723478494,0.028,0.0245,0.0285,0.028,>,0.282805289946623,-,-,-,-,-,-,-,-,-,-,-,-,,-,-,,;D11nomax  ;[SpectralDate?]
*=,sn2006el,1,Y,IIb,0,0,22:47:38,+39:52:27.6,341.908333333,39.8743333333,UGC12188,-,--,0.847,0.61,5150,0.017179,NED**,70,74.5977956008,20060904,2453982.5,1,2453984.68,0.1,-2.18000000016764,<0000000,<0000000,53986,0.1,<0000000,<0000000,17.61,D11,,,,,,,,,17.57,0.03,-,-,-,-,17.47,0.02,17.45,0.03,,-,,-,-,-,-0.991,-0.854,--,40,"(+6,-9)",D11/D11,--,0.720188902007084,--,48.0805855471926,0.113,0.0973,0.1131,0.19,0.12,0.21858251559708,-2,-11257.8,1865.4,12,-8169.68,1615.7,-2,-11102.7,1041.1,12,-6791.85,1590.5,-10168.283,-10486.8,-10817.4,1.22263807567,;Drout11 have data before max. use Drout11 date of max!
*=,sn2006ep,1,N,Ib,0,0,0:41:24,+25:29:46.7,10.35,25.4963055556,NGC214,-,--,1.413,1.046,4505,0.015027,UZC,--,65.1522279505,20060909.95,2453988,1,2453988.58,0.1,-0.580000000074506,53984.96,0.23,53990.1,0.11,<0000000,<0000000,17.4,CfA,,,,,,,,,17.4,0.02,-,-,18.07,0.05,17.23,0.02,17.1,0.02,,-,,-,-,-,-0.681,-0.718,--,--,--,--,0.714,0.740268931351734,48.610397436194,46.3293159357838,--,0.031,0.036,--,--,0.210620946227782,-,-,-,-,-,-,-8,-12001.2,1859.3,8.1,-7571.4,1684,,-9800.15,-,2.0930219419,;dm15=0.92
*nospec,sn2006F ,2,?,Ib,0,0,2:28:11,19:36:13,37.0458333333,19.6036111111,NGC09354142,15.3,?,?,?,4142,0.013816,NED,,,20060118.6,2453753.9,-,-,--,#VALUE!,<0000000,<0000000,<0000000,<0000000,<0000000,<0000000,18,CfA ,,,,,,,,,-,-,-,-,-,-,-,-,17.47,0.03,,-,,-,-,-,-0.87,-,--,--,--,--,--,-,--,-,--,0.1635,-,--,--,-,-,-,-,-,-,-,-,-,-,-,-,-,,-,-,,";D11noVmax, noSPEC mu_virgo=33.79 AV_gal=0.629"
*@,sn2006fo,1,YN,Ib,Y,0,2:32:38,+00:37:03.0,38.1583333333,0.6175,UGC02019,-,48.3,0.617,0.432,6214,0.020727,SDSS*,82,90.236570125,<20060928.4,<2454006.9,1,<2454006.99,--,#VALUE!,<0000000,<0000000,54006.61,0.33,<0000000,<0000000,<17.40,CfA,,,,,,,,,-,-,-,-,-,-,17.32,0.02,17.22,0.02,16.26,0.09,16.39,0.16,17.03,0.15,-0.698,-1.005,2454006.988,34,"(+12,-34)",D11/D11,0.673,0.700162074554295,52.0175932274368,49.7794702401442,0.029,0.025,0.0291,0.029,>,0.226305934221636,-,-,-,-,-,-,-,-,-,-,-,-,,-,-,1.29202925467,;D11nomax 
*nospec ,sn2006gi,2,?,Ib,0,0,10:16:46,73:26:26,154.191666667,73.4405555556,NGC 3147,147.09,-,-,-,2780,0.009273,UZC,-,-,<20060928.5   ,<2454007   ,-,-,-,-,<0000000,<0000000,<0000000,<0000000,<0000000,<0000000, <17.89     ,CfA,,,,,,,,,-,-,-,-,-,-,-,-,-,-,,-,,-,-,-,-,-,--,-,-,-,-,-,-,-,-,0.0205,-,-,-,-,-,-,-,-,-,-,-,-,-,-,-,-,,-,-,,
*nospec ,sn2006ir,3,?,Ib/c,0,0,23:04:35,7:36:21,346.145833333,7.60583333333,J230435+0736,-,-,-,-,6220,0.021,http://arxiv.org/pdf/1206.2643.pdf,-,-,-,<2454016 ,-,-,-,-,<0000000,<0000000,<0000000,<0000000,<0000000,<0000000,<17.8  ,CfA,,,,,,,,,-,-,-,-,-,-,-,-,-,-,,-,,-,-,-,-,-,--,-,-,-,-,-,-,-,-,0.0393,-,-,-,-,-,-,-,-,-,-,-,-,-,-,-,-,,-,-,,
*=,sn2006jc,2,N,Ib-n,Y,Y,9:17:20,+41:54:32.7,139.333333333,41.9090833333,UGC04904,-,--,1.003,0.241,1670,0.005571,NED,28,24.0074150961,20061011.5,2454020,-99,<0000000,--,#VALUE!,<0000000,<0000000,<0000000,<0000000,<0000000,<0000000,14.2,F07,,,,,,,,,-,-,-,-,-,-,-,-,-,-,,-,,-,-,-,-,-,--,59,"(+4,-5)",D11/D11,--,0.240279162512463,--,85.1908677030897,0.02,0.0173,0.0201,0.02,>,0.387292167025755,-,-,-,-,-,-,-,-,-,-,-,-,,-,-,,; --> GEMINI DATA???
*@,sn2006lc,1,Y,Ib,0,0,22:44:24,-0:09:53,341.1,-0.164722222222,NGC7364,-,47.6,1.153,0.738,4863,0.016221,NED,--,70.3892057847,<20061104.1,<2454045.6,1,<2454045.62,--,#VALUE!,<0000000,<0000000,<0000000,<0000000,<0000000,<0000000,<17.5,CfA,,,,,,,,,-,-,-,-,-,-,-,-,17.17,0.03,,-,,-,-,-,-1.184,-1.249,2454043.602,--,--,--,0.683,0.640069384215091,51.2017766854862,54.6446122491474,--,0.0556,0.0647,--,--,0.248423696868707,-,-,-,-,-,-,-,-,-,-,-,-,,-,-,,;**GSP R-max  spec of host with FAST - check /details
*@,sn2006ld,2,Y,Ib,Y,0,0:35:27,+02:55:50.7,8.8625,2.93075,UGC348,-,--,0.707,0.562,4179,0.01394,NED**,--,60.3926597026,<20061105.2,<2454044.7,2,<2454044.74,--,#VALUE!,<0000000,<0000000,<0000000,<0000000,<0000000,<0000000,<17.1,CfA,,,,,,,,,-,-,-,-,-,-,-,-,-,-,,-,,-,-,-,-0.382,-0.394,2454044.542,--,--,--,0.84,0.794908062234795,36.6273677527243,41.2618660460816,--,0.0144,0.0167,--,--,0.187583457562715,-,-,-,-,-,-,-,-,-,-,-,-,,-,-,,;
*=,sn2006lv,2,YN,Ib,0,0,11:32:03,+36:42:03.6,173.0125,36.701,UGC6517,-,--,1.037,0.705,2570,0.00857,SN,--,36.9930034552,<20061104,<2454043.9,2,2454045.57,1.1,#VALUE!,<0000000,<0000000,<0000000,<0000000,<0000000,<0000000,<18.5,CfA,,,,,,,,,18.44,0.05,-,-,-,-,-,-,-,-,,-,,-,-,-,-0.228,-0.245,2454043.992,--,--,--,0.493,0.679845708775313,65.6210962265229,51.4600942302563,--,0.0245,0.0285,--,--,0.233946336586764,-,-,-,-,-,-,-,-,-,-,-,-,,-,-,, ; 2490kms =UZC
*=,sn2006T,1,YN,IIb,0,0,9:54:30,-25:42:29,148.625,-25.7080555556,NGC3054,-,54.6,2.967,1.305,2650,0.008837,SN,--,38.1519773592,20060214.9,2453781.4,1,2453782.06,1.06,-0.660000000149012,53780.67,0.41,53782.52,0.11,<0000000,<0000000,15.76,CfA,,,,,,,,,15.69,0.02,-,-,16.81,0.05,15.53,0.03,15.55,0.03,,-,,-,-,-,-0.796,-0.796,--,--,--,--,--,0.439838220424671,--,69.4353694383675,--,0.0647,0.0752,--,--,0.315664993479623,7.1,-7021.6,1621,15.1,-6380.4,1886.2,-10,-7608.6,1817.4,7,-6258.7,1160.9,-6721.5107,-6814.55,-,,;dm15=0.96 ; NED:2433.  0.008116
*=,sn2007ag,1,Y,Ib,Y,0,10:01:35,+21:36:42.0,150.395833333,21.6116666667,UGC5392,-,--,0.287,0.258,6017,0.0200698,SN,--,87.3336049978,<20070310.3,<2454169.8,1,2454170.26,0.37,#VALUE!,<0000000,<0000000,54170.6,0.31,<0000000,<0000000,<18.4,CfA,,,,,,,,,18.42,0.03,-,-,-,-,18.13,0.02,18.04,0.03,-,-,-,-,-,-,-0.772,-0.689,--,--,--,--,0.141,0.898954703832753,--,29.5569137607137,--,0.025,0.029,--,--,0.134370754631544,-,-,-,-,-,-,-,-,-,-,-,-,-7503.7568,-,-,,;
*nospec,sn2007aw,3,?,Ic,0,0,9:57:24,-19:21:23,149.35,19.3564166667,NGC3072,6.16,--,--,--,3431,0.011445,NED,--,-,-,<00000000,--,-,--,-,<0000000,<0000000,<0000000,<0000000,<0000000,<0000000,-,-,,,,,,,,,-,-,-,-,-,-,-,-,-,-,-,-,-,-,-,-,-,-,--,--,--,--,--,--,--,--,--,0.0338,-,--,--,--,-,-,-,-,-,-,-,-,-,-,-,-,,-,-,,
*=,sn2007bg,3,N,Ic-bl,0,0,11:49:26,+51:49:28.8,177.358333333,51.8246666667,Anonymous,-,--,--,--,10370,0.0346,SN/Y10,--,152.167333316,20070416,2454206.7,3,<2454209.77,--,#VALUE!,<0000000,<0000000,<0000000,<0000000,<0000000,<0000000,19,Y10,,,,,,,,,-,-,-,-,-,-,-,-,-,-,-,-,-,-,-,-,-,-,--,--,--,--,--,--,--,--,--,0.0179,0.0208,--,--,--,3.8,-7381.5,1960.7,-,-,-,3.8,-6999.8,1929.5,-,-,-,-14158.752,-,-,,;approx and in R
*=,sn2007C,1,YN,Ib,Y,0,13:08:49,-6:47:01,197.204166667,-6.78361111111,NGC4981,-,44.7,2.687,1.612,1767,0.005894,NED,25,25.4031474356,20070116.6,2454116.8,1,2454115.94,0.51,0.859999999869615,<0000000,<0000000,54117.8,0.15,<0000000,<0000000,16.14,CfA,,,,,,,,,16.13,0.02,-,-,-,-,15.79,0.01,15.56,0.02,-,-,-,-,-,-,-0.955,-1.184,--,43,"(+3,-3)",D11/D11,--,0.599925567547451,--,57.742878872031,0.042,0.0363,0.0422,0.64,0.12,0.262508943641661,-,-,-,-,-,-,-0.3,-9262.4,1845,-2.3,-9247.4,1782.8,-9284.0693,-9156.09,-,,;dm15=1.05 for jdmax=1140; D11=2454116.5 
*@,sn2007ce,2,N,Ic-bl,Y,0,12:10:17,+48:43:31.5,182.570833333,48.7254166667,J121018.03+484331.8,-,--,--,--,13890,0.04633,SN,--,205.492702937,<20070506.0,<2454226.7,2,<2454226.73,--,#VALUE!,<0000000,<0000000,<0000000,<0000000,54226.61,0.38,<17.4,CfA,,,,,,,,,-,-,-,-,-,-,-,-,17.53,0.02,17.26,0.16,17.51,0.22,-,-,-,-,2454226.734,--,--,--,--,--,--,--,--,0.02,0.0233,--,--,--,-,-,-,-,-,-,-,-,-,-,-,-,,-,-,,";10 spec NICE HII REGION HOST GALAXY SPec, very low Z, also Gemini-N late time spectra taken?? z from 3 lines (Ha,Hb,OIII, but big d
ispersion b/w Ha and Hb&OIII)"
*=,sn2007cl,1,Y,Ic,0,0,17:48:21,+54:09:05.2,267.0875,54.1514444444,NGC6479,-,--,1.003,0.943,6650,0.022182,UZC,--,96.6735295716,20070531,2454251.9,1,2454250.85,1,1.04999999981374,<0000000,<0000000,54254.09,0.13,<0000000,<0000000,17.8,CfA,,,,,,,,,17.85,0.03,-,-,-,-,17.62,0.02,17.7,0.02,-,-,-,-,-,-,-0.533,-0.443,--,--,--,--,0.848,0.940179461615154,35.747604728557,23.3475852164483,--,0.037,0.043,--,--,0.106142091483461,-6.9,-6235.3,1955.3,-,-,-,-,-,-,-,-,-,-12564.101,-,-,,; dm15=0.72 for jdmax=1270; mu=34.83
*=,sn2007D,2,Y,Ic-bl,Y,0,3:18:38,+37:36:26.4,49.6583333333,37.6073333333,UGC2653,-,--,1.047,0.461,6944,0.02316,NED-HI,93,101.00794263,20070123.1,2454123.6,2,2454123.31,0.83,0.290000000037253,<0000000,<0000000, ../CfA,1.91,<0000000,<0000000,18.4,CfA,,,,,,,,,18.84,0.13,-,-,-,-,18.53,0.08,-,-,-,-,-,-,-,-,-,-,--,70,"(+4,-6)",D11/D11,--,0.440305635148042,--,69.4018869113447,0.335,0.2881,0.335,0.91,0.13,0.315512776219748,-,-,-,-,-,-,-,-,-,-,-,-,,-,-,0.978588248894,";dm15=1.77(robust);D11noVmax, but R=very luminous!! -22 mag!"
*=NIR DM,sn2007gr,2,Y,Ic,Y,0,2:43:27,+37:20:44.7,40.8625,37.34575,NGC1058,-,58.5,2.633,2.37,518,0.001728,NED,9.3,7.45412163389,20070826,2454338.5,2,<2454346.96,--,#VALUE!,<0000000,<0000000,<0000000,<0000000,<0000000,<0000000,13.47,H09,54338,1.1,12.91,0.01,54340.5,1.7,12.76,0.02,-,-,-,-,-,-,-,-,-,-,-,-,-,-,-,-,-0.809,-0.979,--,22,"(+6,-10)",D11/D11,--,0.900113938473224,--,29.4009639230567,0.062,0.0535,0.0622,0.03,--,0.133661780158083,-5,-11346,763.8,7,-8605.9,624.8,-5,-10490,335.5,7,-8375.21,378.4,-9403.9766,-9608.81,-10204.3,,;
*??,sn2007hb,3,?,Ic,0,0,2:08:34,+29:14:14.3,32.1416666667,29.2373055556,NGC819,-,--,0.853,0.58,6669,0.0222459,SN,--,96.9565396913,<2007,<2454363.85,3,<2454363.85,--,#VALUE!,<0000000,<0000000,<0000000,<0000000,<0000000,<0000000,<19.3,CfA,,,,,,,,,-,-,-,-,-,-,-,-,-,-,-,-,-,-,-,-,-0.757,-0.579,2454363.848,--,--,--,0.8,0.679953106682298,40.7623576153919,51.451314130988,--,0.0518,0.1374,--,--,0.233906420762874,-,-,-,-,-,-,-,-,-,-,-,-,,-,-,,;2 spec ;galspec in details - used be called 07iq
*@,sn2007I,2,N,Ic-bl,Y,0,11:59:13,-1:36:18,179.804166667,-1.605,J115913.13-013616.1,-,--,--,--,6487,0.021639,SDSS,--,94.2696764461,<<20070117,<2454117.,2,<2454117.95,--,#VALUE!,<0000000,<0000000,<0000000,<0000000,<0000000,<0000000,<17.89,CfA,,,,,,,,,-,-,-,-,-,-,-,-,-,-,-,-,-,-,-,-,-,-,2454117.949,--,--,--,0.6,--,57.7372246577787,--,--,0.025,0.0291,--,--,--,-,-,-,-,-,-,-,-,-,-,-,-,,-,-,,;(4spec) -but awaiting Avet's email -> paper is wrt to discovery - shit!
*@,sn2007iq,2,?,Ic/Ic-bl,0,0,6:13:32,+69:43:49.2,93.3833333333,69.7303333333,UGC3416,-,--,1.41,0.677,4003,0.013353,UZC,--,57.8256184162,<2007,<2454363.9,2,<2454363.94,--,#VALUE!,54377.26,2.97,<0000000,<0000000,<0000000,<0000000,<18.1,CfA,,,,,,,,,-,-,-,-,19.47,0.09,-,-,,-,-,-,,-,-,-,-,-,2454363.938,--,--,--,--,0.480141843971631,--,66.5461856664679,--,0.1182,0.0602,--,--,0.302530272891326,-,-,-,-,-,-,-,-,-,-,-,-,,-,-,,;1 spec ;galspec in details - SNID gives good fits to both Ic-bl and Ic based on the 1 spec
*nospec,sn2007ke,2,?,Ib(Ca-rich),0,0,2:54:23,41:34:16,43.595833,41.5711111111,NGC1129,49.16,--,--,--,5194,0.017325,NED,--,--,--,<00000000,--,<0000000,--,--,<0000000,<0000000,54371.19,2.68,<0000000,<0000000,--,--,,,,,,,,,-,-,-,-,-,-,18.66,0.23,-,-,-,-,,-,-,-,--,--,--,--,--,--,--,--,--,--,--,0.0954,--,--,--,--,--,--,--,--,--,--,--,--,--,--,--,--,,--,--,0.995324479444,--
*=,sn2007kj,1,Y,Ib,0,0,0:01:19,+13:06:30.6,0.329166666667,13.1085,NGC7803,-,60.4,0.86,0.499,5366,0.017899,UZC,--,77.7647654338,20071007.7,2454382.1,2,2454382.46,0.11,-0.359999999869615,54378.42,0.83,54383.39,0.33,<0000000,<0000000,17.61,CfA,,,,,,,,,17.67,0.02,-,-,18.14,0.03,17.56,0.05,17.71,0.06,-,-,,-,-,-,-0.709,-0.422,--,--,--,--,0.558,0.580232558139535,60.8834846781446,59.2285436539056,--,0.0691,0.0804,--,--,0.269263028303076,-,-,-,-,-,-,0.3,-10370,1937.8,5.3,-8382.7,1924,-9970.9561,-,-,1.7220662862,";dm15=1.3 - fitcfalc,'slc.sn07kj.f',band='V',/kepler,deg=4,jdmax=1410"
*=,sn2007ru,1,N,Ic-bl,0,0,23:07:23,+43:35:33.7,346.845833333,43.5926944444,UGC12381,-,32,1.927,0.886,4636,0.015464,UZC,64,67.0678642901,20071204,2454438.8,1,2454440.54,0.3,-1.74000000022352,<0000000,<0000000,54440.6,0.32,<0000000,<0000000,15.95,S09,54438.7,0.5,15.95,0.015,54438.7,0.5,15.68,0.02,15.96,0.01,-,-,-,-,15.87,0.02,15.78,0.02,-,-,,-,-,-,-,-,--,31,"(+10,-23)",D11/D11,--,0.459782044628957,--,68.0067806574536,0.259,0.2254,0.2621,0.01,--,0.309170386021496,-,-,-,-,-,-,-,-,-,-,-,-,-21856.363,-,-,,
*=,sn2007rz,2,?,Ic,0,0,4:31:10,7:37:51,67.7916666667,7.63097222222,NGC1590,-,27.9,0.783,0.595,3897,0.012998,UZC,--,56.2742430435,<<200,<2454454.8,2,<2454454.79,--,#VALUE!,54455.49,1.61,54455.74,1.94,<0000000,<0000000,<18.5,CfA,,,,,,,,,-,-,-,-,19.01,0.17,18.23,0.26,,-,,-,,-,-,-,-0.373,-0.429,2454454.781,--,--,--,0.65,0.759897828863346,53.8613801848768,44.5645100010479,--,0.1723,0.2003,--,--,0.202597838431464,-,-,-,-,-,-,-,-,-,-,-,-,,-,-,,;galspec in details  2 spec
*=,sn2007uy,1,?,Ib-pec,Y,Y,9:09:35,+33:07:08.9,137.395833333,33.1191388889,NGC2770,-,82.3,2.633,0.685,2100,0.007,SN,--,30.1875545021,20080116.18,2454481.7,1,2454481.84,0.7,-0.139999999664724,54477.81,0.1,54484.75,0.24,<0000000,<0000000,15.75,CfA,,,,,,,,,15.76,0.01,-,-,16.73,0.02,15.56,0.02,15.59,0.02,14.79,0.02,14.62,0.03,14.35,0.11,-0.313,-0.333,--,--,--,--,0.28,0.260159513862514,81.4653551108776,83.2254236898395,--,0.0194,0.0225,--,--,0.378356924416038,-,-,-,-,-,-,-,-,-,-,-,-,,-,-,1.59895333379,;dm15=0.77 for jdmax=1500
*@,sn2008an,3,Y,Ic,0,0,17:38:28,+61:02:13.7,264.616666667,61.0371388889,UGC10936,-,61.6,0.653,0.43,8124,0.0270987,UZC,--,118.52656784,<200,<2454524.9,3,<2454525.02,--,#VALUE!,<0000000,<0000000,<0000000,<0000000,<0000000,<0000000,<18.5,CfA,,,,,,,,,-,-,-,-,-,-,-,-,-,-,-,-,-,-,-,-,-1.089,-1.053,2454525.016,--,--,--,0.415,0.658499234303216,71.2169455509197,53.1850711799476,--,0.045,0.0523,--,--,0.241788375046142,-,-,-,-,-,-,-,-,-,-,-,-,,-,-,,;2 spc
*@,sn2008aq,2,N,IIb,0,0,12:50:30,-10:52:01,192.625,-10.8669444444,MCG-02-33-20,-,--,2.3,0.736,2389,0.007969,6dF,--,34.3859431919,<20080301.5,<2454527.0,2,<2454526.98,--,#VALUE!,<0000000,<0000000,54530.28,3.2,<0000000,<0000000,<16.1,CfA,,,,,,,,,-,-,-,-,-,-,15.85,0.07,16.04,0.05,-,-,-,-,-,-,-0.454,-0.224,2454526.988,--,--,--,--,0.32,--,78.2315385201124,--,0.0383,0.0445,--,--,0.35565387347398,-,-,-,-,-,-,-,-,-,-,-,-,,-,-,, ;(8spec)
*=,sn2008ax,4,YN,IIb,Y,Y,12:30:40,+41:38:14.5,187.666666667,41.6373611111,NGC4490,-,79,6.3,3.1,630,0.0021,SN/C11?,8.7,9.05219820733,20080323,2454549.5,-99,<0000000,--,#VALUE!,<0000000,<0000000,<0000000,<0000000,<0000000,<0000000,13.51,P08b;C11,54549,0.5,13.51,0.02,54550,2,13.51,0.02,-,-,-,-,-,-,-,-,-,-,-,-,-,-,-,-,-,-,--,63,"(+1,-1)",D11/D11,--,0.492063492063492,--,65.6885659045247,0.022,0.0186,0.0217,0.28,--,0.298631387658173,-15,-12641.1,271.1,-,-,-,-8,-10309.8,970.9,6,-6644.3,457.6,,-8215.23,-,,"; we have v. early CfA spec, 1 day earlier than chornock"
*=,sn2008bo,1,YN,IIb,0,Y,18:19:54,+74:34:20.9,274.975,74.5724722222,NGC6643,-,--,2.967,1.543,1484,0.00495,UZC,--,21.3259138897,20080415.5,2454569.7,1,2454569.74,0.16,-0.040000000037253,54567.8,0.23,54570.33,0.59,<0000000,<0000000,16.12,CfA,,,,,,,,,16.08,0.01,-,-,16.58,0.02,16.02,0.02,16.08,0.03,-,-,-,-,-,-,-0.548,-0.987,--,--,--,--,--,0.52005392652511,--,63.663996120144,--,0.0513,0.0597,--,--,0.289427349241515,-5.5,-9796.4,1313.7,-8.5,-9735.6,1434.7,-1,-9192.3,1622.6,0,-7474.7,1693.6,,-7474.7,-9104.48,2.0195144662,";dm15=0.98; IAUCtype=Ib, errors dep. deg & jdmax: max+/- 1 day, dm15+/- 0.1 ;for fitcfalc,'slc.sn08bo.f',band='V',/kepler,deg=3,jdmax=1595 and deg=4"
*@,sn2008cw,2,YN,IIb,0,,16:32:38,+41:27:33.2,248.158333333,41.4592222222,J163238.16+412730.8,-,--,--,--,9724,0.03243,SN*,--,142.398496317,<20080605,<2454622.9,3,<2454622.89,--,#VALUE!,<0000000,<0000000,<0000000,<0000000,<0000000,<0000000,<18.5,CfA,,,,,,,,,-,-,-,-,-,-,-,-,,-,-,-,-,-,-,-,-0.802,-0.811,2454622.895,--,--,--,0.46,--,67.9911626621572,--,--,0.006,0.007,--,--,--,-,-,-,-,-,-,-,-,-,-,-,-,,-,-,,;5 spec
*=,sn2008D,1,?,Ib,Y,Y,9:09:30,+33:08:20.3,137.375,33.1389722222,NGC2770,-,82.3,2.633,0.685,2100,0.007,SN,30,30.1875545021,20080127.9,2454493.6,1,2454494.73,0.08,-1.12999999988824,54491.69,0.12,54495.47,54495.47,<0000000,<0000000,17.33,M09,54491.2,0.5,17.4,0.02,54439.2,0.5,16.84,0.04,17.4,0.02,-,-,18.42,0.05,16.99,0.02,16.65,0.02,-,-,-,-,-,-,-0.464,-0.552,--,77,"(+1,-1)",D11/D11,0.28,0.260159513862514,81.4653551108776,83.2254236898395,0.023,0.0194,0.0226,0.59,--,0.378356924416038,-,-,-,-,-,-,4.4,-9920.6,1948.4,5.4,-9344.8,352.5,-9152.9424,-,-,1.89896955909,;
*nospec only nir NIR,sn2008hh,4,?,Ic,Y,0,1:26:03,11:26:26,21.5125,11.4406944444,IC112,12.91,--,--,--,5819,0.01941,NED,--,-,-,<00000000,-,-,--,#VALUE!,<0000000,<0000000,<0000000,<0000000,<0000000,<0000000,-,-,,,,,,,,,-,-,-,-,-,-,-,-,-,-,-,-,-,-,-,-,-,-,--,--,--,--,-,--,-,--,--,0.0427,-,--,--,--,-,-,-,-,-,-,-,-,-,-,-,-,,-,-,,;only nir
*=,sn2009er,1,?,Ib-pec,Y,0,15:39:29,+24:26:05.3,234.870833333,24.4348055556,J153930.49+242614.8,-,--,--,--,10500,0.035,SDSS,--,153.971330376,20090531.6,2454983.1,2,2454982.59,0.16,0.510000000242144,<0000000,<0000000,54984,0.24,<0000000,<0000000,17.24,CfA,,,,,,,,,-,-,-,-,-,-,17.19,0.02,17.26,0.02,16.6,0.02,16.64,0.63,-,-,-0.846,-0.817,--,--,--,--,0.586,--,58.7954972778152,--,--,0.0389,0.0453,--,--,--,-,-,-,-,-,-,-,-,-,-,-,-,,-,-,1.40172369547,; dm15   = 0.83  -IAUC say spec are odd - line 08D or 06jc @beginning-redo ID???
*=,sn2009iz,1,?,Ib,Y,0,2:42:15,+42:23:50.1,40.5625,42.39725,UGC2175,-,--,1.14,0.844,4257,0.0142,UZC,--,61.5304000133,20091004.8,2455109.3,2,2455109.36,1.36,-0.060000000055879,55106.72,0.17,55111.73,0.25,<0000000,<0000000,16.96,CfA,,,,,,,,,16.97,0.02,18.47,0.12,17.52,0.04,16.84,0.02,16.82,0.02,16.24,0.01,16.24,0.23,15.73,0.18,-0.163,-0.161,--,--,--,--,--,0.740350877192982,--,46.3220619289347,--,0.0729,0.0847,--,--,0.210587968279465,-,-,-,-,-,-,-9.8,-10783,1808.2,5.2,-6080.9,1788.2,,-7710.96,-,0.918642691405,; dm15   = 0.50
*=,sn2009jf,1,?,Ib,Y,Y,23:04:52,+12:19:59.5,346.216666667,12.3331944444,NGC7479,-,43,2.967,0.89,2443,0.008148,NED,--,35.1621734659,20091017,2455121.5,1,2455122.81,0.11,-1.31000000005588,55119.23,0.21,55123.52,0.07,<0000000,<0000000,15.03,V11,,,,,,,,,15.03,0.02,-,-,15.66,0.01,15,0.01,15.01,0.02,14.42,0.03,14.29,0.06,13.89,0.03,-0.742,-0.554,--,--,--,--,0.661,0.299966295921806,52.9849831915721,79.812816581341,--,0.0971,0.1129,--,--,0.362842632357595,0,-10502.5,1577,1,-10525.8,1388.4,0,-9344.8,976.1,1,-9307.3,1034.3,,-9344.76,-10502.5,1.1510357102,";our data, not v. good: 20091018.2  2455122.7  15.07 dm15   = 0.66 "
nospec,sn2009K,3,?,IIb,0,0,4:36:36,-0:08:35,,,NGC 1620,8.83,,,,3530,0.011715,NED*,,,<0000000,<2454850.570,,<0000000,,,<0000000,<0000000,<0000000,<0000000,<0000000,<0000000,<17.52,CfA,,,,,,,,,-,-,-,-,-,-,-,-,-,-,-,-,-,-,-,-,,,--,,,,,,,,,0.0499,,,,,,,,,,,,,,,,,,,,,